标题,作者,发布时间,回复数,最后回帖时间
python教程，800M的，拿走吧,呆萌小笨笨,7-16,231,20:01
自学Python有多难，去看看有几个成功的吧。,诗海如淇,7-12,6,20:01
Python2018年资料无偿分享了 小白们的福利,常彤啊,09:10,104,19:59
新的一周又开始了，你还没学Python吗？,诗海如淇,7-9,2,19:59
做python做了5年啦，现在打算免费收徒弟，200G资料免费送哦,a352645kkk,10:16,4,19:58
游戏开发中能学到什么。,诗海如淇,7-6,2,19:57
大家好！请问为啥不显示shipname?,银河里的...,7-15,9,19:52
十本经典教材带你入门Python编程,莹奇之恋,6-18,21,19:51
用Python打造一款追女神助手,莹奇之恋,7-6,5,19:51
Python学习交流群: 688134818 验证码：奇莹,莹奇之恋,7-13,13,19:50
C#如何调用Python执行脚本，语法错误,浮生萬仞,19:50,0,19:50
Python编程：格式化字符串,莹奇之恋,7-14,4,19:50
我想问下有2.7版本的大佬嘛明天要交代码现在一头雾水题目是关,南渔,19:43,1,19:49
最新python资料分享！留邮箱！,梅西滴滴...,19:49,1,19:49
python资料分享，留邮箱！,梅西滴滴...,17:28,4,19:41
python学习入门交流群，内有免费python视频,响亮哦669,7-5,36,19:35
单位电脑无法安装python，请问各位大神应该怎么办呢？,晓枫之伤,2017-11,5,19:29
有人带徒弟吗,杨在江湖...,19:25,0,19:25
【爬虫】最近要做一个系统要爬取网页的数据但是里面有flash,剑沐西风,1-19,2,19:17
pyqt5界面  对输入框的限制，求大神们帮忙,金牛猎人h...,7-14,4,19:13
请问大家，在Sublime Text3中有input时，输入,YMXD梦,7-16,6,19:06
做python做了5年啦，现在打算免费收徒弟，免费送资料哦，赶紧点,a352645kkk,7-15,546,18:42
每天晚上分享技术干货内容有想一起组队学习吗,AT宁一,00:10,10,18:37
求教红圈处怎么去除，还是我提取有问题呢？求大神帮我分析一下,满仓螺纹,15:29,5,18:34
转行了，无偿分享吧,傲娇小仙女0,7-13,78,18:33
Python基础，爬虫，web，运维，数据分析资料免费分享啦,良良木,7-10,182,18:12
刚结束了python课程，整理了一些小白用得到的项目资料,绝对孤独...,7-15,18,18:09
请问怎么结巴库突然引不了了？,斐520筱,7-6,14,18:09
刚刚培训完，现在已经找到了不错的工作，大家来看看我的成长记吧,蠕虫快跑,7-12,279,18:08
求助大佬们，这串编码怎么编译"fromEncodeUin":,聆廳雨晔,6-21,4,17:57
想学python,人在武汉，因为没有基础，想报个培训班，刚到,多米要赚...,11:55,6,17:55
想学Python入门  新人进  有些基本资料 无偿奉献,Aprul小雨,17:36,1,17:54
资料贴一大堆，可是送资料的有心，索资料的无心,裂绷衣返,15:01,6,17:47
不小心把Spyder上的编程界面跟其他两个界面的框删掉了，求教,翊秋羽,2014-11,22,17:32
初学编程 选Python入门更容易,aura2us,6-8,54,17:31
最新python资料分享！你懂得！,梅西滴滴...,14:48,3,17:20
python3.6.4安装错误0x80072efd,射手随缘...,2017-12,34,17:03
官网Python怎么下载啊,菊花牺深处,16:55,1,17:03
python全套资料来分享了,魔女班的...,7-12,111,16:59
/data/user/0/com.hipipal.qpypl,正正经经...,16:19,3,16:55
各位大神，小弟本科是电子信息工程，今年9月份要开始读研了。目,boomonline,6-1,35,16:42
轻量级爬虫框架,小神75,16:22,0,16:22
有需要采集外包的吗？,一梦华胥,16:17,0,16:17
一个五年开发经验过来人谈如何自学 Python？,飞凡5520,2017-12,33,16:15
python selenium3启动不了firefox的解决办法,Yun雀Gong弥,16:02,0,16:02
请教大神 ，获取最小值和最大值的正确方法，获得最大最小值的和,思念是一...,15:06,1,15:37
暑假来了你是不是花点时间来学习Python呢?,莹奇之恋,15:23,0,15:23
Python学习交流群: 688134818验证码：奇莹,莹奇之恋,7-15,2,15:16
pycharm下了最新版本3.6.4，可是为啥进去运行代码运,总体来说...,1-4,1,15:15
python教程，800M的，拿走吧,呆萌小笨笨,7-16,231,20:01
自学Python有多难，去看看有几个成功的吧。,诗海如淇,7-12,6,20:01
Python2018年资料无偿分享了 小白们的福利,常彤啊,09:10,104,19:59
新的一周又开始了，你还没学Python吗？,诗海如淇,7-9,2,19:59
做python做了5年啦，现在打算免费收徒弟，200G资料免费送哦,a352645kkk,10:16,4,19:58
游戏开发中能学到什么。,诗海如淇,7-6,2,19:57
大家好！请问为啥不显示shipname?,银河里的...,7-15,9,19:52
十本经典教材带你入门Python编程,莹奇之恋,6-18,21,19:51
用Python打造一款追女神助手,莹奇之恋,7-6,5,19:51
Python学习交流群: 688134818 验证码：奇莹,莹奇之恋,7-13,13,19:50
C#如何调用Python执行脚本，语法错误,浮生萬仞,19:50,0,19:50
Python编程：格式化字符串,莹奇之恋,7-14,4,19:50
我想问下有2.7版本的大佬嘛明天要交代码现在一头雾水题目是关,南渔,19:43,1,19:49
最新python资料分享！留邮箱！,梅西滴滴...,19:49,1,19:49
python资料分享，留邮箱！,梅西滴滴...,17:28,4,19:41
python学习入门交流群，内有免费python视频,响亮哦669,7-5,36,19:35
单位电脑无法安装python，请问各位大神应该怎么办呢？,晓枫之伤,2017-11,5,19:29
有人带徒弟吗,杨在江湖...,19:25,0,19:25
【爬虫】最近要做一个系统要爬取网页的数据但是里面有flash,剑沐西风,1-19,2,19:17
pyqt5界面  对输入框的限制，求大神们帮忙,金牛猎人h...,7-14,4,19:13
请问大家，在Sublime Text3中有input时，输入,YMXD梦,7-16,6,19:06
做python做了5年啦，现在打算免费收徒弟，免费送资料哦，赶紧点,a352645kkk,7-15,546,18:42
每天晚上分享技术干货内容有想一起组队学习吗,AT宁一,00:10,10,18:37
求教红圈处怎么去除，还是我提取有问题呢？求大神帮我分析一下,满仓螺纹,15:29,5,18:34
转行了，无偿分享吧,傲娇小仙女0,7-13,78,18:33
Python基础，爬虫，web，运维，数据分析资料免费分享啦,良良木,7-10,182,18:12
刚结束了python课程，整理了一些小白用得到的项目资料,绝对孤独...,7-15,18,18:09
请问怎么结巴库突然引不了了？,斐520筱,7-6,14,18:09
刚刚培训完，现在已经找到了不错的工作，大家来看看我的成长记吧,蠕虫快跑,7-12,279,18:08
求助大佬们，这串编码怎么编译"fromEncodeUin":,聆廳雨晔,6-21,4,17:57
想学python,人在武汉，因为没有基础，想报个培训班，刚到,多米要赚...,11:55,6,17:55
想学Python入门  新人进  有些基本资料 无偿奉献,Aprul小雨,17:36,1,17:54
资料贴一大堆，可是送资料的有心，索资料的无心,裂绷衣返,15:01,6,17:47
不小心把Spyder上的编程界面跟其他两个界面的框删掉了，求教,翊秋羽,2014-11,22,17:32
初学编程 选Python入门更容易,aura2us,6-8,54,17:31
最新python资料分享！你懂得！,梅西滴滴...,14:48,3,17:20
python3.6.4安装错误0x80072efd,射手随缘...,2017-12,34,17:03
官网Python怎么下载啊,菊花牺深处,16:55,1,17:03
python全套资料来分享了,魔女班的...,7-12,111,16:59
/data/user/0/com.hipipal.qpypl,正正经经...,16:19,3,16:55
各位大神，小弟本科是电子信息工程，今年9月份要开始读研了。目,boomonline,6-1,35,16:42
轻量级爬虫框架,小神75,16:22,0,16:22
有需要采集外包的吗？,一梦华胥,16:17,0,16:17
一个五年开发经验过来人谈如何自学 Python？,飞凡5520,2017-12,33,16:15
python selenium3启动不了firefox的解决办法,Yun雀Gong弥,16:02,0,16:02
请教大神 ，获取最小值和最大值的正确方法，获得最大最小值的和,思念是一...,15:06,1,15:37
暑假来了你是不是花点时间来学习Python呢?,莹奇之恋,15:23,0,15:23
Python学习交流群: 688134818验证码：奇莹,莹奇之恋,7-15,2,15:16
pycharm下了最新版本3.6.4，可是为啥进去运行代码运,总体来说...,1-4,1,15:15
